{"events":[{"title":"A new event","image":"https://cdn.muenchen-p.de/fl_progressive,q_65/.imaging/stk/responsive/teaser300/dms/va-2016/muenchner-christkindlmarkt/christkindlmarkt-marienplat-logo-hp/document/christkindlmarkt-marienplat-logo-hp.jpg","date":"2022-10-01","description":"Some awesome event!","id":"2a42fcc4-ea21-4bdd-abf6-c40006dc66a9"}],"users":[{"email":"test@test.com","password":"$2a$12$jXAXZQxWMahHwBDRz31Mmuo86TqWYtWgTsBAatNDCI8Yw1ul2e8z.","id":"52ddb4af-38c9-445b-b474-06fdcdecd816"}]}